{
  "train_loss": [
    0.053250743386646114,
    0.05677477363497019,
    0.05810983168582121,
    0.05148643317321936,
    0.04886039843161901,
    0.0459213494323194,
    0.04755519889295101,
    0.04759405367076397,
    0.04675762991731366,
    0.04648196045309305,
    0.04659092193469405,
    0.05103167053312063,
    0.04809801125278076,
    0.045382924688359104,
    0.04456937840829293,
    0.04440585011616349,
    0.04753633743772904,
    0.0430496484041214,
    0.04290330223739147,
    0.04167807660996914,
    0.04157652550687393,
    0.04415129187206427,
    0.04706540424376726,
    0.041576032216350235,
    0.04289089857290188,
    0.03987409205486377,
    0.0459618978202343,
    0.045763771360119186,
    0.044207644959290825,
    0.04095941502600908,
    0.04492846069236597,
    0.04402533204605182,
    0.04228108593573173,
    0.04620826678971449,
    0.04241447243839502,
    0.045384383449951805,
    0.0413565292644004,
    0.041203499461213745,
    0.045679857643942036,
    0.04254553094506264,
    0.0436288183555007,
    0.04151593210796515,
    0.04300653779258331,
    0.04161346144974232,
    0.04752419671664635,
    0.04612546258916458,
    0.04600778936098019,
    0.04258168193822106,
    0.04173801590998968,
    0.03979862419267496
  ],
  "val_loss": [
    0.0436205780133605,
    0.0434125941246748,
    0.044085074216127396,
    0.0428284015506506,
    0.04169730097055435,
    0.03960148897022009,
    0.03745259065181017,
    0.037080458365380764,
    0.039277439936995506,
    0.03832403104752302,
    0.03575503593310714,
    0.03782541397958994,
    0.0386774018406868,
    0.04099208954721689,
    0.040102336555719376,
    0.037609015591442585,
    0.03664202801883221,
    0.03591338079422712,
    0.036189690697938204,
    0.035463801585137844,
    0.035143714398145676,
    0.03591280663385987,
    0.03595661697909236,
    0.034446289762854576,
    0.03629723424091935,
    0.036833361722528934,
    0.03630977449938655,
    0.03622142458334565,
    0.035193564370274544,
    0.035156816709786654,
    0.03560123359784484,
    0.036097729578614235,
    0.03628406021744013,
    0.035986222326755524,
    0.03693526331335306,
    0.03694989299401641,
    0.0366684184409678,
    0.03696397505700588,
    0.03731901338323951,
    0.03639469062909484,
    0.03748204139992595,
    0.03720036521553993,
    0.03733738325536251,
    0.037124589551240206,
    0.03664267994463444,
    0.035930377431213856,
    0.036385627929121256,
    0.037367318756878376,
    0.038134380243718624,
    0.03843393037095666
  ],
  "train_acc": [
    0.4895833333333333,
    0.4895833333333333,
    0.4583333333333333,
    0.46875,
    0.46875,
    0.5729166666666666,
    0.5729166666666666,
    0.4895833333333333,
    0.5416666666666666,
    0.5625,
    0.5729166666666666,
    0.4895833333333333,
    0.5104166666666666,
    0.5520833333333334,
    0.5104166666666666,
    0.5416666666666666,
    0.5,
    0.59375,
    0.65625,
    0.5416666666666666,
    0.5625,
    0.59375,
    0.5,
    0.6041666666666666,
    0.6354166666666666,
    0.59375,
    0.5208333333333334,
    0.5104166666666666,
    0.6041666666666666,
    0.59375,
    0.4895833333333333,
    0.5625,
    0.5833333333333334,
    0.5208333333333334,
    0.5729166666666666,
    0.5625,
    0.625,
    0.59375,
    0.5416666666666666,
    0.6041666666666666,
    0.59375,
    0.625,
    0.5416666666666666,
    0.625,
    0.5520833333333334,
    0.5,
    0.4583333333333333,
    0.5833333333333334,
    0.6458333333333334,
    0.625
  ],
  "val_acc": [
    0.4,
    0.52,
    0.52,
    0.68,
    0.68,
    0.72,
    0.64,
    0.68,
    0.68,
    0.64,
    0.64,
    0.68,
    0.72,
    0.68,
    0.68,
    0.76,
    0.72,
    0.76,
    0.76,
    0.72,
    0.76,
    0.68,
    0.72,
    0.72,
    0.72,
    0.68,
    0.68,
    0.72,
    0.68,
    0.72,
    0.68,
    0.68,
    0.64,
    0.6,
    0.64,
    0.64,
    0.68,
    0.6,
    0.56,
    0.68,
    0.6,
    0.6,
    0.64,
    0.6,
    0.64,
    0.72,
    0.72,
    0.64,
    0.6,
    0.64
  ],
  "val_f1": [
    0.2857142857142857,
    0.5,
    0.512987012987013,
    0.6794871794871795,
    0.6753246753246753,
    0.7126436781609196,
    0.6179966044142615,
    0.6666666666666666,
    0.6794871794871795,
    0.6376811594202898,
    0.6305418719211823,
    0.6753246753246753,
    0.7126436781609196,
    0.6794871794871795,
    0.6753246753246753,
    0.7564935064935066,
    0.7126436781609196,
    0.75,
    0.75,
    0.7126436781609196,
    0.7564935064935066,
    0.6753246753246753,
    0.72,
    0.7181964573268921,
    0.7181964573268921,
    0.6794871794871795,
    0.6753246753246753,
    0.7126436781609196,
    0.6753246753246753,
    0.7126436781609196,
    0.6753246753246753,
    0.6753246753246753,
    0.64,
    0.5993589743589745,
    0.6376811594202898,
    0.6376811594202898,
    0.6753246753246753,
    0.5993589743589745,
    0.56,
    0.6753246753246753,
    0.5993589743589745,
    0.5993589743589745,
    0.6376811594202898,
    0.5993589743589745,
    0.6376811594202898,
    0.7126436781609196,
    0.7126436781609196,
    0.6376811594202898,
    0.5993589743589745,
    0.6376811594202898
  ],
  "val_auc": [
    0.3782051282051282,
    0.48717948717948717,
    0.5384615384615385,
    0.6025641025641026,
    0.6282051282051282,
    0.6282051282051282,
    0.673076923076923,
    0.7435897435897436,
    0.717948717948718,
    0.7435897435897436,
    0.7307692307692308,
    0.7307692307692307,
    0.7692307692307693,
    0.7243589743589743,
    0.7435897435897436,
    0.7564102564102564,
    0.7756410256410257,
    0.75,
    0.7692307692307693,
    0.7756410256410257,
    0.7884615384615385,
    0.7243589743589745,
    0.7564102564102564,
    0.7884615384615385,
    0.7435897435897436,
    0.7307692307692308,
    0.75,
    0.7435897435897436,
    0.7371794871794872,
    0.7435897435897436,
    0.7307692307692307,
    0.75,
    0.7307692307692307,
    0.7243589743589745,
    0.7243589743589742,
    0.7179487179487178,
    0.7179487179487178,
    0.7307692307692307,
    0.7115384615384616,
    0.7051282051282051,
    0.7115384615384615,
    0.6987179487179487,
    0.7051282051282051,
    0.7179487179487178,
    0.7179487179487178,
    0.7307692307692308,
    0.7307692307692308,
    0.7243589743589745,
    0.6923076923076923,
    0.6923076923076923
  ]
}